"Label (Grouping)","Allen Park city, Wayne County, Michigan!!Total!!Estimate","Allen Park city, Wayne County, Michigan!!Below poverty level!!Estimate","Allen Park city, Wayne County, Michigan!!Percent below poverty level!!Estimate","Belleville city, Wayne County, Michigan!!Total!!Estimate","Belleville city, Wayne County, Michigan!!Below poverty level!!Estimate","Belleville city, Wayne County, Michigan!!Percent below poverty level!!Estimate","Dearborn city, Wayne County, Michigan!!Total!!Estimate","Dearborn city, Wayne County, Michigan!!Below poverty level!!Estimate","Dearborn city, Wayne County, Michigan!!Percent below poverty level!!Estimate","Dearborn Heights city, Wayne County, Michigan!!Total!!Estimate","Dearborn Heights city, Wayne County, Michigan!!Below poverty level!!Estimate","Dearborn Heights city, Wayne County, Michigan!!Percent below poverty level!!Estimate","Detroit city, Wayne County, Michigan!!Total!!Estimate","Detroit city, Wayne County, Michigan!!Below poverty level!!Estimate","Detroit city, Wayne County, Michigan!!Percent below poverty level!!Estimate","Ecorse city, Wayne County, Michigan!!Total!!Estimate","Ecorse city, Wayne County, Michigan!!Below poverty level!!Estimate","Ecorse city, Wayne County, Michigan!!Percent below poverty level!!Estimate","Flat Rock city, Wayne County, Michigan!!Total!!Estimate","Flat Rock city, Wayne County, Michigan!!Below poverty level!!Estimate","Flat Rock city, Wayne County, Michigan!!Percent below poverty level!!Estimate","Garden City city, Wayne County, Michigan!!Total!!Estimate","Garden City city, Wayne County, Michigan!!Below poverty level!!Estimate","Garden City city, Wayne County, Michigan!!Percent below poverty level!!Estimate","Gibraltar city, Wayne County, Michigan!!Total!!Estimate","Gibraltar city, Wayne County, Michigan!!Below poverty level!!Estimate","Gibraltar city, Wayne County, Michigan!!Percent below poverty level!!Estimate","Grosse Ile township, Wayne County, Michigan!!Total!!Estimate","Grosse Ile township, Wayne County, Michigan!!Below poverty level!!Estimate","Grosse Ile township, Wayne County, Michigan!!Percent below poverty level!!Estimate","Grosse Pointe city, Wayne County, Michigan!!Total!!Estimate","Grosse Pointe city, Wayne County, Michigan!!Below poverty level!!Estimate","Grosse Pointe city, Wayne County, Michigan!!Percent below poverty level!!Estimate","Grosse Pointe Farms city, Wayne County, Michigan!!Total!!Estimate","Grosse Pointe Farms city, Wayne County, Michigan!!Below poverty level!!Estimate","Grosse Pointe Farms city, Wayne County, Michigan!!Percent below poverty level!!Estimate","Grosse Pointe Park city, Wayne County, Michigan!!Total!!Estimate","Grosse Pointe Park city, Wayne County, Michigan!!Below poverty level!!Estimate","Grosse Pointe Park city, Wayne County, Michigan!!Percent below poverty level!!Estimate","Grosse Pointe Woods city, Wayne County, Michigan!!Total!!Estimate","Grosse Pointe Woods city, Wayne County, Michigan!!Below poverty level!!Estimate","Grosse Pointe Woods city, Wayne County, Michigan!!Percent below poverty level!!Estimate","Hamtramck city, Wayne County, Michigan!!Total!!Estimate","Hamtramck city, Wayne County, Michigan!!Below poverty level!!Estimate","Hamtramck city, Wayne County, Michigan!!Percent below poverty level!!Estimate","Harper Woods city, Wayne County, Michigan!!Total!!Estimate","Harper Woods city, Wayne County, Michigan!!Below poverty level!!Estimate","Harper Woods city, Wayne County, Michigan!!Percent below poverty level!!Estimate","Highland Park city, Wayne County, Michigan!!Total!!Estimate","Highland Park city, Wayne County, Michigan!!Below poverty level!!Estimate","Highland Park city, Wayne County, Michigan!!Percent below poverty level!!Estimate","Huron charter township, Wayne County, Michigan!!Total!!Estimate","Huron charter township, Wayne County, Michigan!!Below poverty level!!Estimate","Huron charter township, Wayne County, Michigan!!Percent below poverty level!!Estimate","Inkster city, Wayne County, Michigan!!Total!!Estimate","Inkster city, Wayne County, Michigan!!Below poverty level!!Estimate","Inkster city, Wayne County, Michigan!!Percent below poverty level!!Estimate","Lincoln Park city, Wayne County, Michigan!!Total!!Estimate","Lincoln Park city, Wayne County, Michigan!!Below poverty level!!Estimate","Lincoln Park city, Wayne County, Michigan!!Percent below poverty level!!Estimate","Livonia city, Wayne County, Michigan!!Total!!Estimate","Livonia city, Wayne County, Michigan!!Below poverty level!!Estimate","Livonia city, Wayne County, Michigan!!Percent below poverty level!!Estimate","Melvindale city, Wayne County, Michigan!!Total!!Estimate","Melvindale city, Wayne County, Michigan!!Below poverty level!!Estimate","Melvindale city, Wayne County, Michigan!!Percent below poverty level!!Estimate","Northville city, Wayne County, Michigan!!Total!!Estimate","Northville city, Wayne County, Michigan!!Below poverty level!!Estimate","Northville city, Wayne County, Michigan!!Percent below poverty level!!Estimate","Northville township, Wayne County, Michigan!!Total!!Estimate","Northville township, Wayne County, Michigan!!Below poverty level!!Estimate","Northville township, Wayne County, Michigan!!Percent below poverty level!!Estimate","Plymouth city, Wayne County, Michigan!!Total!!Estimate","Plymouth city, Wayne County, Michigan!!Below poverty level!!Estimate","Plymouth city, Wayne County, Michigan!!Percent below poverty level!!Estimate","River Rouge city, Wayne County, Michigan!!Total!!Estimate","River Rouge city, Wayne County, Michigan!!Below poverty level!!Estimate","River Rouge city, Wayne County, Michigan!!Percent below poverty level!!Estimate","Riverview city, Wayne County, Michigan!!Total!!Estimate","Riverview city, Wayne County, Michigan!!Below poverty level!!Estimate","Riverview city, Wayne County, Michigan!!Percent below poverty level!!Estimate","Rockwood city, Wayne County, Michigan!!Total!!Estimate","Rockwood city, Wayne County, Michigan!!Below poverty level!!Estimate","Rockwood city, Wayne County, Michigan!!Percent below poverty level!!Estimate","Romulus city, Wayne County, Michigan!!Total!!Estimate","Romulus city, Wayne County, Michigan!!Below poverty level!!Estimate","Romulus city, Wayne County, Michigan!!Percent below poverty level!!Estimate","Southgate city, Wayne County, Michigan!!Total!!Estimate","Southgate city, Wayne County, Michigan!!Below poverty level!!Estimate","Southgate city, Wayne County, Michigan!!Percent below poverty level!!Estimate","Sumpter township, Wayne County, Michigan!!Total!!Estimate","Sumpter township, Wayne County, Michigan!!Below poverty level!!Estimate","Sumpter township, Wayne County, Michigan!!Percent below poverty level!!Estimate","Taylor city, Wayne County, Michigan!!Total!!Estimate","Taylor city, Wayne County, Michigan!!Below poverty level!!Estimate","Taylor city, Wayne County, Michigan!!Percent below poverty level!!Estimate","Trenton city, Wayne County, Michigan!!Total!!Estimate","Trenton city, Wayne County, Michigan!!Below poverty level!!Estimate","Trenton city, Wayne County, Michigan!!Percent below poverty level!!Estimate","Village of Grosse Pointe Shores city, Wayne County, Michigan!!Total!!Estimate","Village of Grosse Pointe Shores city, Wayne County, Michigan!!Below poverty level!!Estimate","Village of Grosse Pointe Shores city, Wayne County, Michigan!!Percent below poverty level!!Estimate","Wayne city, Wayne County, Michigan!!Total!!Estimate","Wayne city, Wayne County, Michigan!!Below poverty level!!Estimate","Wayne city, Wayne County, Michigan!!Percent below poverty level!!Estimate","Westland city, Wayne County, Michigan!!Total!!Estimate","Westland city, Wayne County, Michigan!!Below poverty level!!Estimate","Westland city, Wayne County, Michigan!!Percent below poverty level!!Estimate","Woodhaven city, Wayne County, Michigan!!Total!!Estimate","Woodhaven city, Wayne County, Michigan!!Below poverty level!!Estimate","Woodhaven city, Wayne County, Michigan!!Percent below poverty level!!Estimate","Wyandotte city, Wayne County, Michigan!!Total!!Estimate","Wyandotte city, Wayne County, Michigan!!Below poverty level!!Estimate","Wyandotte city, Wayne County, Michigan!!Percent below poverty level!!Estimate"
"Population for whom poverty status is determined","27,136","1,783","6.6%","3,866","587","15.2%","94,895","27,573","29.1%","55,580","10,665","19.2%","668,133","252,897","37.9%","9,240","3,399","36.8%","9,881","876","8.9%","26,747","2,901","10.8%","4,536","398","8.8%","10,173","277","2.7%","5,206","195","3.7%","9,206","153","1.7%","11,240","721","6.4%","15,630","642","4.1%","21,164","10,772","50.9%","13,643","1,815","13.3%","10,704","5,245","49.0%","15,692","1,282","8.2%","24,368","8,084","33.2%","36,899","7,352","19.9%","93,469","5,047","5.4%","10,402","2,916","28.0%","2,637","218","8.3%","28,812","685","2.4%","8,872","396","4.5%","7,559","2,918","38.6%","11,647","1,365","11.7%","3,183","133","4.2%","23,136","4,336","18.7%","29,162","3,319","11.4%","9,272","1,478","15.9%","60,750","12,036","19.8%","18,115","1,191","6.6%","2,856","48","1.7%","16,884","4,013","23.8%","81,334","11,887","14.6%","12,393","910","7.3%","25,157","2,723","10.8%"
"    AGE","","","","","","","","","","","","","","","","","","","","","","","","","","","","","","","","","","","","","","","","","","","","","","","","","","","","","","","","","","","","","","","","","","","","","","","","","","","","","","","","","","","","","","","","","","","","","","","","","","","","","","","","","","","","","","","","","",""
"        Under 18 years","5,399","387","7.2%","922","212","23.0%","27,946","11,428","40.9%","13,383","4,053","30.3%","167,453","91,180","54.5%","2,238","1,285","57.4%","2,768","318","11.5%","5,149","971","18.9%","926","91","9.8%","2,036","35","1.7%","1,343","43","3.2%","2,855","32","1.1%","2,731","194","7.1%","3,442","139","4.0%","7,037","4,422","62.8%","3,444","434","12.6%","2,663","1,520","57.1%","3,738","308","8.2%","6,637","3,334","50.2%","9,009","2,619","29.1%","17,503","1,094","6.3%","3,192","1,343","42.1%","595","53","8.9%","7,047","156","2.2%","1,916","70","3.7%","1,830","1,026","56.1%","2,181","450","20.6%","632","42","6.6%","5,897","1,633","27.7%","5,094","942","18.5%","2,131","642","30.1%","14,100","4,661","33.1%","3,550","259","7.3%","543","0","0.0%","3,718","1,419","38.2%","15,740","3,308","21.0%","2,597","97","3.7%","4,663","590","12.7%"
"            Under 5 years","1,490","76","5.1%","320","22","6.9%","7,787","3,028","38.9%","3,842","1,274","33.2%","48,667","29,095","59.8%","638","322","50.5%","682","144","21.1%","1,454","265","18.2%","126","10","7.9%","399","18","4.5%","223","10","4.5%","400","0","0.0%","644","36","5.6%","814","23","2.8%","2,007","1,172","58.4%","651","40","6.1%","801","420","52.4%","824","111","13.5%","1,474","913","61.9%","2,323","612","26.3%","4,457","181","4.1%","951","439","46.2%","191","34","17.8%","1,337","30","2.2%","501","27","5.4%","423","197","46.6%","723","142","19.6%","183","18","9.8%","1,637","394","24.1%","1,658","269","16.2%","652","212","32.5%","4,277","1,770","41.4%","798","33","4.1%","43","0","0.0%","892","351","39.3%","4,699","925","19.7%","651","38","5.8%","1,261","200","15.9%"
"            5 to 17 years","3,909","311","8.0%","602","190","31.6%","20,159","8,400","41.7%","9,541","2,779","29.1%","118,786","62,085","52.3%","1,600","963","60.2%","2,086","174","8.3%","3,695","706","19.1%","800","81","10.1%","1,637","17","1.0%","1,120","33","2.9%","2,455","32","1.3%","2,087","158","7.6%","2,628","116","4.4%","5,030","3,250","64.6%","2,793","394","14.1%","1,862","1,100","59.1%","2,914","197","6.8%","5,163","2,421","46.9%","6,686","2,007","30.0%","13,046","913","7.0%","2,241","904","40.3%","404","19","4.7%","5,710","126","2.2%","1,415","43","3.0%","1,407","829","58.9%","1,458","308","21.1%","449","24","5.3%","4,260","1,239","29.1%","3,436","673","19.6%","1,479","430","29.1%","9,823","2,891","29.4%","2,752","226","8.2%","500","0","0.0%","2,826","1,068","37.8%","11,041","2,383","21.6%","1,946","59","3.0%","3,402","390","11.5%"
"            Related children of householder under 18 years","5,399","387","7.2%","916","206","22.5%","27,914","11,396","40.8%","13,339","4,009","30.1%","166,807","90,571","54.3%","2,238","1,285","57.4%","2,768","318","11.5%","5,077","899","17.7%","926","91","9.8%","2,030","35","1.7%","1,337","37","2.8%","2,855","32","1.1%","2,731","194","7.1%","3,442","139","4.0%","7,036","4,421","62.8%","3,405","395","11.6%","2,655","1,512","56.9%","3,738","308","8.2%","6,604","3,301","50.0%","8,995","2,605","29.0%","17,379","970","5.6%","3,192","1,343","42.1%","584","42","7.2%","7,047","156","2.2%","1,916","70","3.7%","1,830","1,026","56.1%","2,162","431","19.9%","632","42","6.6%","5,862","1,603","27.3%","5,067","915","18.1%","2,065","576","27.9%","14,047","4,613","32.8%","3,548","257","7.2%","543","0","0.0%","3,718","1,419","38.2%","15,655","3,230","20.6%","2,589","89","3.4%","4,663","590","12.7%"
"        18 to 64 years","17,374","1,110","6.4%","2,295","286","12.5%","55,545","14,416","26.0%","33,916","5,782","17.0%","413,882","144,413","34.9%","5,373","1,849","34.4%","6,032","401","6.6%","17,702","1,613","9.1%","2,849","291","10.2%","5,642","178","3.2%","2,806","111","4.0%","4,851","115","2.4%","6,707","437","6.5%","9,164","333","3.6%","12,431","5,791","46.6%","8,586","1,212","14.1%","6,226","2,986","48.0%","9,942","905","9.1%","14,697","4,241","28.9%","23,407","4,274","18.3%","58,244","2,766","4.7%","6,059","1,421","23.5%","1,481","98","6.6%","16,555","414","2.5%","5,651","268","4.7%","4,773","1,698","35.6%","7,007","663","9.5%","2,051","89","4.3%","14,520","2,450","16.9%","18,510","1,884","10.2%","6,025","792","13.1%","37,689","6,556","17.4%","10,602","765","7.2%","1,490","31","2.1%","11,025","2,257","20.5%","52,623","7,462","14.2%","7,837","750","9.6%","16,431","1,794","10.9%"
"            18 to 34 years","5,140","460","8.9%","667","40","6.0%","22,780","6,810","29.9%","12,552","2,488","19.8%","166,801","64,047","38.4%","1,834","694","37.8%","1,776","204","11.5%","5,910","740","12.5%","770","61","7.9%","1,136","35","3.1%","467","20","4.3%","1,015","10","1.0%","1,667","182","10.9%","2,676","92","3.4%","5,977","3,020","50.5%","3,201","534","16.7%","2,261","1,123","49.7%","2,942","431","14.6%","5,853","1,942","33.2%","8,251","1,518","18.4%","18,242","936","5.1%","2,422","649","26.8%","312","32","10.3%","3,977","167","4.2%","1,865","118","6.3%","1,960","905","46.2%","2,429","366","15.1%","594","45","7.6%","4,867","952","19.6%","6,902","935","13.5%","1,622","356","21.9%","13,691","3,007","22.0%","3,161","254","8.0%","329","2","0.6%","4,050","1,030","25.4%","19,497","3,440","17.6%","2,435","333","13.7%","5,133","782","15.2%"
"            35 to 64 years","12,234","650","5.3%","1,628","246","15.1%","32,765","7,606","23.2%","21,364","3,294","15.4%","247,081","80,366","32.5%","3,539","1,155","32.6%","4,256","197","4.6%","11,792","873","7.4%","2,079","230","11.1%","4,506","143","3.2%","2,339","91","3.9%","3,836","105","2.7%","5,040","255","5.1%","6,488","241","3.7%","6,454","2,771","42.9%","5,385","678","12.6%","3,965","1,863","47.0%","7,000","474","6.8%","8,844","2,299","26.0%","15,156","2,756","18.2%","40,002","1,830","4.6%","3,637","772","21.2%","1,169","66","5.6%","12,578","247","2.0%","3,786","150","4.0%","2,813","793","28.2%","4,578","297","6.5%","1,457","44","3.0%","9,653","1,498","15.5%","11,608","949","8.2%","4,403","436","9.9%","23,998","3,549","14.8%","7,441","511","6.9%","1,161","29","2.5%","6,975","1,227","17.6%","33,126","4,022","12.1%","5,402","417","7.7%","11,298","1,012","9.0%"
"        60 years and over","6,569","416","6.3%","909","131","14.4%","15,868","2,384","15.0%","11,475","1,309","11.4%","126,371","27,963","22.1%","2,082","371","17.8%","1,643","199","12.1%","5,762","416","7.2%","1,022","45","4.4%","3,444","123","3.6%","1,409","51","3.6%","2,236","47","2.1%","2,547","109","4.3%","4,548","231","5.1%","2,448","787","32.1%","2,451","282","11.5%","2,519","1,021","40.5%","3,075","128","4.2%","4,546","879","19.3%","6,452","795","12.3%","25,073","1,557","6.2%","1,704","180","10.6%","845","72","8.5%","6,974","149","2.1%","1,900","84","4.4%","1,489","369","24.8%","3,183","291","9.1%","703","5","0.7%","3,996","427","10.7%","7,945","710","8.9%","1,781","70","3.9%","12,538","1,169","9.3%","5,018","228","4.5%","970","17","1.8%","3,362","450","13.4%","18,083","1,870","10.3%","2,793","77","2.8%","5,933","517","8.7%"
"        65 years and over","4,363","286","6.6%","649","89","13.7%","11,404","1,729","15.2%","8,281","830","10.0%","86,798","17,304","19.9%","1,629","265","16.3%","1,081","157","14.5%","3,896","317","8.1%","761","16","2.1%","2,495","64","2.6%","1,057","41","3.9%","1,500","6","0.4%","1,802","90","5.0%","3,024","170","5.6%","1,696","559","33.0%","1,613","169","10.5%","1,815","739","40.7%","2,012","69","3.4%","3,034","509","16.8%","4,483","459","10.2%","17,722","1,187","6.7%","1,151","152","13.2%","561","67","11.9%","5,210","115","2.2%","1,305","58","4.4%","956","194","20.3%","2,459","252","10.2%","500","2","0.4%","2,719","253","9.3%","5,558","493","8.9%","1,116","44","3.9%","8,961","819","9.1%","3,963","167","4.2%","823","17","2.1%","2,141","337","15.7%","12,971","1,117","8.6%","1,959","63","3.2%","4,063","339","8.3%"
"    SEX","","","","","","","","","","","","","","","","","","","","","","","","","","","","","","","","","","","","","","","","","","","","","","","","","","","","","","","","","","","","","","","","","","","","","","","","","","","","","","","","","","","","","","","","","","","","","","","","","","","","","","","","","","","","","","","","","",""
"        Male","13,154","702","5.3%","1,734","248","14.3%","46,295","12,951","28.0%","27,349","5,039","18.4%","314,214","116,194","37.0%","4,207","1,380","32.8%","5,001","432","8.6%","13,416","1,321","9.8%","2,194","136","6.2%","5,143","130","2.5%","2,423","74","3.1%","4,431","71","1.6%","5,563","364","6.5%","7,648","219","2.9%","10,483","5,189","49.5%","6,623","860","13.0%","5,293","2,696","50.9%","7,990","667","8.3%","11,691","4,058","34.7%","17,828","3,265","18.3%","45,514","2,162","4.8%","5,234","1,546","29.5%","1,271","115","9.0%","13,704","317","2.3%","4,329","156","3.6%","3,656","1,247","34.1%","5,114","435","8.5%","1,547","50","3.2%","11,370","1,851","16.3%","14,049","1,320","9.4%","4,806","713","14.8%","29,336","5,486","18.7%","8,712","366","4.2%","1,329","22","1.7%","8,106","1,758","21.7%","37,684","5,262","14.0%","6,371","420","6.6%","12,250","1,103","9.0%"
"        Female","13,982","1,081","7.7%","2,132","339","15.9%","48,600","14,622","30.1%","28,231","5,626","19.9%","353,919","136,703","38.6%","5,033","2,019","40.1%","4,880","444","9.1%","13,331","1,580","11.9%","2,342","262","11.2%","5,030","147","2.9%","2,783","121","4.3%","4,775","82","1.7%","5,677","357","6.3%","7,982","423","5.3%","10,681","5,583","52.3%","7,020","955","13.6%","5,411","2,549","47.1%","7,702","615","8.0%","12,677","4,026","31.8%","19,071","4,087","21.4%","47,955","2,885","6.0%","5,168","1,370","26.5%","1,366","103","7.5%","15,108","368","2.4%","4,543","240","5.3%","3,903","1,671","42.8%","6,533","930","14.2%","1,636","83","5.1%","11,766","2,485","21.1%","15,113","1,999","13.2%","4,466","765","17.1%","31,414","6,550","20.9%","9,403","825","8.8%","1,527","26","1.7%","8,778","2,255","25.7%","43,650","6,625","15.2%","6,022","490","8.1%","12,907","1,620","12.6%"
"    RACE AND HISPANIC OR LATINO ORIGIN","","","","","","","","","","","","","","","","","","","","","","","","","","","","","","","","","","","","","","","","","","","","","","","","","","","","","","","","","","","","","","","","","","","","","","","","","","","","","","","","","","","","","","","","","","","","","","","","","","","","","","","","","","","","","","","","","",""
"        White alone","25,192","1,574","6.2%","3,437","540","15.7%","85,934","25,045","29.1%","47,501","9,515","20.0%","92,379","35,058","38.0%","3,905","1,502","38.5%","9,216","789","8.6%","24,994","2,607","10.4%","4,343","377","8.7%","9,784","255","2.6%","4,808","195","4.1%","8,689","134","1.5%","9,646","642","6.7%","13,715","545","4.0%","11,634","5,383","46.3%","4,851","463","9.5%","446","247","55.4%","14,779","1,090","7.4%","4,769","1,343","28.2%","29,166","5,250","18.0%","85,462","4,251","5.0%","7,134","1,837","25.7%","2,385","158","6.6%","22,735","657","2.9%","8,391","314","3.7%","3,169","743","23.4%","10,954","1,162","10.6%","2,857","121","4.2%","11,344","2,082","18.4%","25,339","2,791","11.0%","8,172","1,247","15.3%","46,046","6,940","15.1%","17,502","1,117","6.4%","2,657","41","1.5%","12,965","2,604","20.1%","60,371","8,118","13.4%","10,796","502","4.6%","24,193","2,524","10.4%"
"        Black or African American alone","454","115","25.3%","347","47","13.5%","3,526","682","19.3%","4,437","527","11.9%","530,864","199,990","37.7%","4,083","1,270","31.1%","402","53","13.2%","713","126","17.7%","3","3","100.0%","97","5","5.2%","137","0","0.0%","298","15","5.0%","1,041","79","7.6%","985","78","7.9%","2,616","1,552","59.3%","7,978","1,212","15.2%","9,782","4,900","50.1%","370","70","18.9%","17,457","6,078","34.8%","2,599","831","32.0%","3,748","514","13.7%","1,465","215","14.7%","7","7","100.0%","857","5","0.6%","50","11","22.0%","3,776","2,011","53.3%","476","161","33.8%","14","12","85.7%","10,077","2,101","20.8%","1,777","245","13.8%","799","204","25.5%","10,581","4,201","39.7%","136","56","41.2%","64","1","1.6%","3,179","1,210","38.1%","14,675","2,878","19.6%","873","385","44.1%","229","75","32.8%"
"        American Indian and Alaska Native alone","28","0","0.0%","0","0","-","113","34","30.1%","235","0","0.0%","2,301","1,123","48.8%","92","15","16.3%","15","0","0.0%","133","13","9.8%","56","18","32.1%","50","0","0.0%","0","0","-","0","0","-","54","0","0.0%","7","0","0.0%","47","13","27.7%","31","0","0.0%","6","6","100.0%","38","0","0.0%","399","45","11.3%","102","34","33.3%","133","7","5.3%","79","0","0.0%","0","0","-","19","0","0.0%","8","0","0.0%","0","0","-","16","0","0.0%","0","0","-","6","6","100.0%","230","18","7.8%","12","0","0.0%","250","37","14.8%","28","8","28.6%","14","0","0.0%","29","0","0.0%","381","39","10.2%","64","0","0.0%","45","15","33.3%"
"        Asian alone","129","29","22.5%","24","0","0.0%","1,960","518","26.4%","1,010","172","17.0%","9,536","4,001","42.0%","0","0","-","37","0","0.0%","217","16","7.4%","10","0","0.0%","158","16","10.1%","56","0","0.0%","123","4","3.3%","224","0","0.0%","405","1","0.2%","5,349","2,929","54.8%","340","29","8.5%","23","0","0.0%","66","0","0.0%","149","0","0.0%","186","50","26.9%","2,622","172","6.6%","472","399","84.5%","79","19","24.1%","4,636","23","0.5%","290","71","24.5%","0","0","-","23","1","4.3%","297","0","0.0%","593","42","7.1%","1,013","201","19.8%","33","11","33.3%","1,027","159","15.5%","185","0","0.0%","90","6","6.7%","150","117","78.0%","3,230","346","10.7%","430","0","0.0%","151","0","0.0%"
"        Native Hawaiian and Other Pacific Islander alone","0","0","-","0","0","-","29","0","0.0%","75","0","0.0%","102","34","33.3%","11","11","100.0%","0","0","-","0","0","-","0","0","-","0","0","-","0","0","-","0","0","-","0","0","-","0","0","-","34","0","0.0%","0","0","-","0","0","-","0","0","-","0","0","-","0","0","-","15","15","100.0%","0","0","-","0","0","-","0","0","-","0","0","-","0","0","-","0","0","-","0","0","-","0","0","-","0","0","-","0","0","-","0","0","-","0","0","-","0","0","-","0","0","-","51","0","0.0%","0","0","-","0","0","-"
"        Some other race alone","571","32","5.6%","6","0","0.0%","358","187","52.2%","1,076","28","2.6%","20,353","7,360","36.2%","554","188","33.9%","62","0","0.0%","138","23","16.7%","16","0","0.0%","0","0","-","8","0","0.0%","0","0","-","20","0","0.0%","35","9","25.7%","310","88","28.4%","5","0","0.0%","74","74","100.0%","75","13","17.3%","528","263","49.8%","3,313","598","18.1%","141","23","16.3%","653","116","17.8%","0","0","-","111","0","0.0%","0","0","-","398","132","33.2%","74","31","41.9%","8","0","0.0%","257","2","0.8%","250","6","2.4%","0","0","-","1,069","200","18.7%","36","0","0.0%","0","0","-","237","24","10.1%","877","143","16.3%","75","8","10.7%","207","44","21.3%"
"        Two or more races","762","33","4.3%","52","0","0.0%","2,975","1,107","37.2%","1,246","423","33.9%","12,598","5,331","42.3%","595","413","69.4%","149","34","22.8%","552","116","21.0%","108","0","0.0%","84","1","1.2%","197","0","0.0%","96","0","0.0%","255","0","0.0%","483","9","1.9%","1,174","807","68.7%","438","111","25.3%","373","18","4.8%","364","109","29.9%","1,066","355","33.3%","1,533","589","38.4%","1,348","65","4.8%","599","349","58.3%","166","34","20.5%","454","0","0.0%","133","0","0.0%","216","32","14.8%","104","10","9.6%","7","0","0.0%","859","103","12.0%","553","58","10.5%","256","16","6.3%","1,777","499","28.1%","228","10","4.4%","31","0","0.0%","324","58","17.9%","1,749","363","20.8%","155","15","9.7%","332","65","19.6%"
"        Hispanic or Latino origin (of any race)","2,687","100","3.7%","85","21","24.7%","2,812","532","18.9%","2,167","244","11.3%","51,124","19,991","39.1%","1,483","372","25.1%","613","183","29.9%","1,111","108","9.7%","240","46","19.2%","292","46","15.8%","93","10","10.8%","269","0","0.0%","134","21","15.7%","241","45","18.7%","256","75","29.3%","118","0","0.0%","129","71","55.0%","274","50","18.2%","778","344","44.2%","7,609","1,377","18.1%","2,140","164","7.7%","2,061","572","27.8%","13","5","38.5%","1,179","44","3.7%","141","21","14.9%","1,156","432","37.4%","483","189","39.1%","25","0","0.0%","646","112","17.3%","2,243","173","7.7%","367","287","78.2%","3,630","684","18.8%","654","78","11.9%","113","0","0.0%","572","142","24.8%","2,613","596","22.8%","582","43","7.4%","1,151","134","11.6%"
"        White alone, not Hispanic or Latino","23,340","1,501","6.4%","3,368","535","15.9%","83,643","24,782","29.6%","46,321","9,296","20.1%","64,383","23,558","36.6%","3,111","1,347","43.3%","8,761","606","6.9%","23,994","2,522","10.5%","4,103","331","8.1%","9,556","209","2.2%","4,715","185","3.9%","8,435","134","1.6%","9,521","621","6.5%","13,508","509","3.8%","11,523","5,345","46.4%","4,804","463","9.6%","443","247","55.8%","14,592","1,053","7.2%","4,577","1,286","28.1%","25,380","4,726","18.6%","83,668","4,106","4.9%","5,905","1,397","23.7%","2,372","153","6.5%","21,692","613","2.8%","8,257","293","3.5%","2,635","491","18.6%","10,511","1,004","9.6%","2,832","121","4.3%","10,955","1,972","18.0%","23,486","2,631","11.2%","7,805","960","12.3%","43,755","6,491","14.8%","16,884","1,039","6.2%","2,558","41","1.6%","12,589","2,467","19.6%","58,713","7,695","13.1%","10,300","467","4.5%","23,306","2,438","10.5%"
"    EDUCATIONAL ATTAINMENT","","","","","","","","","","","","","","","","","","","","","","","","","","","","","","","","","","","","","","","","","","","","","","","","","","","","","","","","","","","","","","","","","","","","","","","","","","","","","","","","","","","","","","","","","","","","","","","","","","","","","","","","","","","","","","","","","",""
"        Population 25 years and over","19,652","1,173","6.0%","2,739","367","13.4%","56,573","12,516","22.1%","36,845","5,707","15.5%","428,010","131,345","30.7%","6,234","1,769","28.4%","6,367","529","8.3%","18,975","1,719","9.1%","3,332","281","8.4%","7,549","239","3.2%","3,603","142","3.9%","5,890","111","1.9%","7,877","447","5.7%","11,233","462","4.1%","11,582","4,824","41.7%","9,053","1,113","12.3%","7,136","3,317","46.5%","10,732","697","6.5%","15,501","4,067","26.2%","24,396","4,142","17.0%","68,977","3,504","5.1%","6,346","1,279","20.2%","1,983","158","8.0%","20,142","443","2.2%","6,565","287","4.4%","4,858","1,378","28.4%","8,417","783","9.3%","2,385","80","3.4%","14,973","2,240","15.0%","21,451","1,994","9.3%","6,538","697","10.7%","41,107","6,052","14.7%","13,221","755","5.7%","2,130","47","2.2%","11,514","2,091","18.2%","58,042","7,065","12.2%","8,920","614","6.9%","18,774","1,869","10.0%"
"            Less than high school graduate","1,369","201","14.7%","370","120","32.4%","11,378","4,688","41.2%","4,803","1,609","33.5%","86,167","39,010","45.3%","1,574","629","40.0%","455","120","26.4%","2,309","552","23.9%","287","44","15.3%","219","38","17.4%","75","0","0.0%","64","5","7.8%","218","34","15.6%","254","24","9.4%","3,434","2,039","59.4%","1,050","291","27.7%","1,836","1,104","60.1%","992","194","19.6%","2,581","1,075","41.7%","5,044","1,374","27.2%","3,781","568","15.0%","1,488","401","26.9%","87","27","31.0%","469","15","3.2%","174","39","22.4%","1,228","554","45.1%","848","137","16.2%","101","10","9.9%","1,667","388","23.3%","2,295","451","19.7%","897","154","17.2%","5,920","1,405","23.7%","853","79","9.3%","19","12","63.2%","1,721","502","29.2%","6,614","1,723","26.1%","410","32","7.8%","1,722","415","24.1%"
"            High school graduate (includes equivalency)","5,896","515","8.7%","800","135","16.9%","12,413","3,403","27.4%","12,399","1,948","15.7%","139,583","46,438","33.3%","2,172","573","26.4%","2,222","217","9.8%","7,335","435","5.9%","1,101","61","5.5%","1,308","79","6.0%","303","54","17.8%","559","32","5.7%","744","183","24.6%","1,332","96","7.2%","4,289","1,733","40.4%","2,957","340","11.5%","2,441","1,200","49.2%","3,635","150","4.1%","5,540","1,385","25.0%","9,323","1,425","15.3%","16,051","997","6.2%","2,336","438","18.8%","344","58","16.9%","2,317","144","6.2%","900","70","7.8%","1,768","420","23.8%","2,926","334","11.4%","958","39","4.1%","6,024","967","16.1%","7,488","860","11.5%","2,288","257","11.2%","16,678","2,223","13.3%","4,283","290","6.8%","264","9","3.4%","4,192","727","17.3%","18,838","2,458","13.0%","2,813","340","12.1%","6,502","806","12.4%"
"            Some college, associate's degree","7,505","378","5.0%","822","80","9.7%","15,988","2,994","18.7%","11,916","1,507","12.6%","141,092","37,815","26.8%","1,868","479","25.6%","2,294","192","8.4%","7,212","618","8.6%","1,332","93","7.0%","2,429","66","2.7%","717","40","5.6%","961","20","2.1%","1,730","179","10.3%","3,035","189","6.2%","2,400","805","33.5%","3,037","308","10.1%","2,065","786","38.1%","3,523","321","9.1%","5,601","1,400","25.0%","7,934","1,142","14.4%","23,723","1,254","5.3%","1,767","378","21.4%","300","27","9.0%","4,387","188","4.3%","1,640","79","4.8%","1,362","310","22.8%","3,233","261","8.1%","945","23","2.4%","5,034","709","14.1%","7,859","536","6.8%","2,463","265","10.8%","13,822","2,054","14.9%","4,813","293","6.1%","448","17","3.8%","4,270","778","18.2%","21,176","2,040","9.6%","3,591","207","5.8%","7,023","526","7.5%"
"            Bachelor's degree or higher","4,882","79","1.6%","747","32","4.3%","16,794","1,431","8.5%","7,727","643","8.3%","61,168","8,082","13.2%","620","88","14.2%","1,396","0","0.0%","2,119","114","5.4%","612","83","13.6%","3,593","56","1.6%","2,508","48","1.9%","4,306","54","1.3%","5,185","51","1.0%","6,612","153","2.3%","1,459","247","16.9%","2,009","174","8.7%","794","227","28.6%","2,582","32","1.2%","1,779","207","11.6%","2,095","201","9.6%","25,422","685","2.7%","755","62","8.2%","1,252","46","3.7%","12,969","96","0.7%","3,851","99","2.6%","500","94","18.8%","1,410","51","3.6%","381","8","2.1%","2,248","176","7.8%","3,809","147","3.9%","890","21","2.4%","4,687","370","7.9%","3,272","93","2.8%","1,399","9","0.6%","1,331","84","6.3%","11,414","844","7.4%","2,106","35","1.7%","3,527","122","3.5%"
"    EMPLOYMENT STATUS","","","","","","","","","","","","","","","","","","","","","","","","","","","","","","","","","","","","","","","","","","","","","","","","","","","","","","","","","","","","","","","","","","","","","","","","","","","","","","","","","","","","","","","","","","","","","","","","","","","","","","","","","","","","","","","","","",""
"        Civilian labor force 16 years and over","14,528","767","5.3%","1,776","102","5.7%","39,347","6,753","17.2%","25,102","2,913","11.6%","281,653","70,915","25.2%","3,258","802","24.6%","4,641","162","3.5%","13,947","725","5.2%","2,337","155","6.6%","4,966","65","1.3%","2,577","53","2.1%","4,298","37","0.9%","6,175","306","5.0%","8,178","191","2.3%","7,025","2,421","34.5%","7,233","829","11.5%","3,829","1,334","34.8%","7,839","387","4.9%","10,896","2,391","21.9%","17,210","1,952","11.3%","50,394","1,253","2.5%","4,159","516","12.4%","1,252","35","2.8%","14,674","185","1.3%","5,014","158","3.2%","3,335","890","26.7%","5,954","362","6.1%","1,821","39","2.1%","11,360","1,251","11.0%","15,353","1,053","6.9%","4,750","516","10.9%","28,856","3,632","12.6%","8,950","295","3.3%","1,385","18","1.3%","8,409","1,114","13.2%","43,497","4,353","10.0%","6,539","290","4.4%","13,358","999","7.5%"
"            Employed","14,005","652","4.7%","1,655","49","3.0%","36,047","5,423","15.0%","23,210","2,069","8.9%","225,734","40,216","17.8%","2,647","511","19.3%","4,393","137","3.1%","13,264","559","4.2%","2,119","98","4.6%","4,856","55","1.1%","2,471","41","1.7%","4,141","37","0.9%","5,919","214","3.6%","7,707","125","1.6%","6,121","1,831","29.9%","6,338","466","7.4%","2,702","585","21.7%","7,176","261","3.6%","9,467","1,662","17.6%","15,528","1,399","9.0%","48,027","971","2.0%","3,745","373","10.0%","1,181","0","0.0%","13,971","135","1.0%","4,815","141","2.9%","2,613","412","15.8%","5,640","314","5.6%","1,768","31","1.8%","10,095","633","6.3%","14,285","785","5.5%","4,604","450","9.8%","26,093","2,636","10.1%","8,620","258","3.0%","1,330","18","1.4%","7,755","832","10.7%","40,543","3,147","7.8%","6,123","235","3.8%","12,394","644","5.2%"
"                Male","7,499","241","3.2%","788","32","4.1%","20,596","3,502","17.0%","13,150","1,342","10.2%","104,803","15,776","15.1%","1,141","201","17.6%","2,314","103","4.5%","7,093","262","3.7%","1,049","29","2.8%","2,673","27","1.0%","1,300","9","0.7%","2,283","19","0.8%","3,015","129","4.3%","4,065","63","1.5%","3,945","1,227","31.1%","3,027","171","5.6%","927","141","15.2%","4,112","153","3.7%","4,424","666","15.1%","8,405","651","7.7%","24,897","438","1.8%","2,059","243","11.8%","654","0","0.0%","7,555","31","0.4%","2,612","62","2.4%","1,315","74","5.6%","2,586","54","2.1%","893","10","1.1%","5,115","221","4.3%","7,546","256","3.4%","2,652","202","7.6%","13,517","1,127","8.3%","4,518","112","2.5%","817","18","2.2%","4,109","479","11.7%","19,904","1,401","7.0%","3,271","72","2.2%","6,336","257","4.1%"
"                Female","6,506","411","6.3%","867","17","2.0%","15,451","1,921","12.4%","10,060","727","7.2%","120,931","24,440","20.2%","1,506","310","20.6%","2,079","34","1.6%","6,171","297","4.8%","1,070","69","6.4%","2,183","28","1.3%","1,171","32","2.7%","1,858","18","1.0%","2,904","85","2.9%","3,642","62","1.7%","2,176","604","27.8%","3,311","295","8.9%","1,775","444","25.0%","3,064","108","3.5%","5,043","996","19.8%","7,123","748","10.5%","23,130","533","2.3%","1,686","130","7.7%","527","0","0.0%","6,416","104","1.6%","2,203","79","3.6%","1,298","338","26.0%","3,054","260","8.5%","875","21","2.4%","4,980","412","8.3%","6,739","529","7.8%","1,952","248","12.7%","12,576","1,509","12.0%","4,102","146","3.6%","513","0","0.0%","3,646","353","9.7%","20,639","1,746","8.5%","2,852","163","5.7%","6,058","387","6.4%"
"            Unemployed","523","115","22.0%","121","53","43.8%","3,300","1,330","40.3%","1,892","844","44.6%","55,919","30,699","54.9%","611","291","47.6%","248","25","10.1%","683","166","24.3%","218","57","26.1%","110","10","9.1%","106","12","11.3%","157","0","0.0%","256","92","35.9%","471","66","14.0%","904","590","65.3%","895","363","40.6%","1,127","749","66.5%","663","126","19.0%","1,429","729","51.0%","1,682","553","32.9%","2,367","282","11.9%","414","143","34.5%","71","35","49.3%","703","50","7.1%","199","17","8.5%","722","478","66.2%","314","48","15.3%","53","8","15.1%","1,265","618","48.9%","1,068","268","25.1%","146","66","45.2%","2,763","996","36.0%","330","37","11.2%","55","0","0.0%","654","282","43.1%","2,954","1,206","40.8%","416","55","13.2%","964","355","36.8%"
"                Male","333","69","20.7%","50","0","0.0%","2,035","832","40.9%","1,086","435","40.1%","28,711","15,095","52.6%","293","98","33.4%","168","0","0.0%","399","117","29.3%","102","30","29.4%","59","2","3.4%","61","9","14.8%","86","0","0.0%","173","64","37.0%","318","21","6.6%","475","298","62.7%","467","183","39.2%","700","455","65.0%","330","60","18.2%","670","248","37.0%","826","207","25.1%","1,422","170","12.0%","303","101","33.3%","71","35","49.3%","279","3","1.1%","99","3","3.0%","402","218","54.2%","96","10","10.4%","37","8","21.6%","637","221","34.7%","521","146","28.0%","125","66","52.8%","1,340","414","30.9%","173","22","12.7%","37","0","0.0%","366","101","27.6%","1,497","557","37.2%","231","47","20.3%","533","189","35.5%"
"                Female","190","46","24.2%","71","53","74.6%","1,265","498","39.4%","806","409","50.7%","27,208","15,604","57.4%","318","193","60.7%","80","25","31.3%","284","49","17.3%","116","27","23.3%","51","8","15.7%","45","3","6.7%","71","0","0.0%","83","28","33.7%","153","45","29.4%","429","292","68.1%","428","180","42.1%","427","294","68.9%","333","66","19.8%","759","481","63.4%","856","346","40.4%","945","112","11.9%","111","42","37.8%","0","0","-","424","47","11.1%","100","14","14.0%","320","260","81.3%","218","38","17.4%","16","0","0.0%","628","397","63.2%","547","122","22.3%","21","0","0.0%","1,423","582","40.9%","157","15","9.6%","18","0","0.0%","288","181","62.8%","1,457","649","44.5%","185","8","4.3%","431","166","38.5%"
"    WORK EXPERIENCE","","","","","","","","","","","","","","","","","","","","","","","","","","","","","","","","","","","","","","","","","","","","","","","","","","","","","","","","","","","","","","","","","","","","","","","","","","","","","","","","","","","","","","","","","","","","","","","","","","","","","","","","","","","","","","","","","",""
"        Population 16 years and over","22,266","1,459","6.6%","3,028","401","13.2%","69,698","17,158","24.6%","43,684","6,855","15.7%","519,489","170,918","32.9%","7,117","2,179","30.6%","7,454","558","7.5%","22,347","2,027","9.1%","3,745","337","9.0%","8,514","242","2.8%","4,146","158","3.8%","6,743","125","1.9%","8,958","551","6.2%","12,710","534","4.2%","14,809","6,756","45.6%","10,757","1,509","14.0%","8,357","3,926","47.0%","12,525","1,020","8.1%","18,516","5,140","27.8%","28,766","4,991","17.4%","78,350","4,108","5.2%","7,512","1,719","22.9%","2,112","176","8.3%","22,809","535","2.3%","7,166","338","4.7%","6,063","2,083","34.4%","9,817","944","9.6%","2,686","91","3.4%","17,939","2,876","16.0%","24,662","2,429","9.8%","7,338","959","13.1%","48,071","7,707","16.0%","15,076","985","6.5%","2,384","48","2.0%","13,660","2,764","20.2%","67,319","8,824","13.1%","10,114","842","8.3%","21,107","2,158","10.2%"
"            Worked full-time, year-round in the past 12 months","9,684","227","2.3%","1,178","0","0.0%","21,845","1,575","7.2%","15,240","801","5.3%","144,593","12,009","8.3%","1,656","99","6.0%","3,224","35","1.1%","9,006","114","1.3%","1,521","18","1.2%","3,459","17","0.5%","1,624","0","0.0%","2,999","24","0.8%","4,172","63","1.5%","5,499","48","0.9%","3,970","913","23.0%","4,149","107","2.6%","1,669","177","10.6%","5,389","94","1.7%","5,985","430","7.2%","10,742","431","4.0%","33,826","265","0.8%","2,507","120","4.8%","940","0","0.0%","10,542","46","0.4%","3,511","24","0.7%","1,618","210","13.0%","3,724","39","1.0%","1,262","7","0.6%","6,868","255","3.7%","9,575","186","1.9%","3,234","74","2.3%","17,884","815","4.6%","6,031","85","1.4%","923","18","2.0%","5,145","283","5.5%","28,021","832","3.0%","4,350","69","1.6%","8,791","137","1.6%"
"            Worked part-time or part-year in the past 12 months","5,252","462","8.8%","548","53","9.7%","18,206","4,925","27.1%","10,286","2,032","19.8%","116,268","42,569","36.6%","1,372","557","40.6%","1,518","156","10.3%","5,293","559","10.6%","771","80","10.4%","1,910","48","2.5%","1,077","41","3.8%","1,611","13","0.8%","2,228","217","9.7%","2,913","102","3.5%","2,865","1,250","43.6%","2,803","568","20.3%","1,651","710","43.0%","2,568","266","10.4%","4,437","1,685","38.0%","6,391","1,238","19.4%","18,325","1,090","5.9%","1,643","358","21.8%","401","57","14.2%","4,563","193","4.2%","1,617","162","10.0%","1,174","264","22.5%","2,430","336","13.8%","591","32","5.4%","4,241","712","16.8%","5,885","741","12.6%","1,614","416","25.8%","11,061","2,523","22.8%","3,303","231","7.0%","504","0","0.0%","3,362","799","23.8%","15,795","3,098","19.6%","2,243","176","7.8%","4,689","692","14.8%"
"            Did not work","7,330","770","10.5%","1,302","348","26.7%","29,647","10,658","35.9%","18,158","4,022","22.2%","258,628","116,340","45.0%","4,089","1,523","37.2%","2,712","367","13.5%","8,048","1,354","16.8%","1,453","239","16.4%","3,145","177","5.6%","1,445","117","8.1%","2,133","88","4.1%","2,558","271","10.6%","4,298","384","8.9%","7,974","4,593","57.6%","3,805","834","21.9%","5,037","3,039","60.3%","4,568","660","14.4%","8,094","3,025","37.4%","11,633","3,322","28.6%","26,199","2,753","10.5%","3,362","1,241","36.9%","771","119","15.4%","7,704","296","3.8%","2,038","152","7.5%","3,271","1,609","49.2%","3,663","569","15.5%","833","52","6.2%","6,830","1,909","28.0%","9,202","1,502","16.3%","2,490","469","18.8%","19,126","4,369","22.8%","5,742","669","11.7%","957","30","3.1%","5,153","1,682","32.6%","23,503","4,894","20.8%","3,521","597","17.0%","7,627","1,329","17.4%"
"    ALL INDIVIDUALS WITH INCOME BELOW THE FOLLOWING POVERTY RATIOS","","","","","","","","","","","","","","","","","","","","","","","","","","","","","","","","","","","","","","","","","","","","","","","","","","","","","","","","","","","","","","","","","","","","","","","","","","","","","","","","","","","","","","","","","","","","","","","","","","","","","","","","","","","","","","","","","",""
"        50 percent of poverty level","811","(X)","(X)","391","(X)","(X)","10,552","(X)","(X)","4,467","(X)","(X)","126,810","(X)","(X)","1,546","(X)","(X)","495","(X)","(X)","1,507","(X)","(X)","194","(X)","(X)","147","(X)","(X)","99","(X)","(X)","121","(X)","(X)","279","(X)","(X)","485","(X)","(X)","5,011","(X)","(X)","925","(X)","(X)","2,418","(X)","(X)","369","(X)","(X)","4,009","(X)","(X)","3,371","(X)","(X)","2,456","(X)","(X)","783","(X)","(X)","61","(X)","(X)","281","(X)","(X)","142","(X)","(X)","1,487","(X)","(X)","565","(X)","(X)","30","(X)","(X)","2,314","(X)","(X)","1,375","(X)","(X)","876","(X)","(X)","5,481","(X)","(X)","521","(X)","(X)","27","(X)","(X)","1,686","(X)","(X)","5,193","(X)","(X)","535","(X)","(X)","1,276","(X)","(X)"
"        125 percent of poverty level","2,532","(X)","(X)","707","(X)","(X)","34,069","(X)","(X)","14,194","(X)","(X)","303,686","(X)","(X)","4,176","(X)","(X)","1,307","(X)","(X)","3,794","(X)","(X)","505","(X)","(X)","378","(X)","(X)","231","(X)","(X)","179","(X)","(X)","1,086","(X)","(X)","1,115","(X)","(X)","12,226","(X)","(X)","3,038","(X)","(X)","6,215","(X)","(X)","1,626","(X)","(X)","9,792","(X)","(X)","9,698","(X)","(X)","7,069","(X)","(X)","4,145","(X)","(X)","289","(X)","(X)","1,017","(X)","(X)","542","(X)","(X)","3,508","(X)","(X)","1,647","(X)","(X)","187","(X)","(X)","5,050","(X)","(X)","4,580","(X)","(X)","1,716","(X)","(X)","14,956","(X)","(X)","1,399","(X)","(X)","65","(X)","(X)","4,923","(X)","(X)","15,680","(X)","(X)","1,441","(X)","(X)","3,601","(X)","(X)"
"        150 percent of poverty level","3,312","(X)","(X)","1,145","(X)","(X)","39,020","(X)","(X)","17,331","(X)","(X)","348,270","(X)","(X)","4,756","(X)","(X)","2,250","(X)","(X)","5,382","(X)","(X)","677","(X)","(X)","569","(X)","(X)","300","(X)","(X)","233","(X)","(X)","1,137","(X)","(X)","1,534","(X)","(X)","13,725","(X)","(X)","3,729","(X)","(X)","6,999","(X)","(X)","2,200","(X)","(X)","10,993","(X)","(X)","12,006","(X)","(X)","9,306","(X)","(X)","4,658","(X)","(X)","296","(X)","(X)","1,310","(X)","(X)","631","(X)","(X)","4,040","(X)","(X)","2,352","(X)","(X)","260","(X)","(X)","5,987","(X)","(X)","5,671","(X)","(X)","2,046","(X)","(X)","18,151","(X)","(X)","2,040","(X)","(X)","75","(X)","(X)","5,617","(X)","(X)","19,143","(X)","(X)","2,008","(X)","(X)","4,545","(X)","(X)"
"        185 percent of poverty level","5,012","(X)","(X)","1,334","(X)","(X)","44,301","(X)","(X)","21,172","(X)","(X)","401,204","(X)","(X)","5,528","(X)","(X)","2,820","(X)","(X)","6,748","(X)","(X)","1,000","(X)","(X)","817","(X)","(X)","381","(X)","(X)","445","(X)","(X)","1,446","(X)","(X)","2,016","(X)","(X)","14,767","(X)","(X)","5,253","(X)","(X)","7,712","(X)","(X)","3,234","(X)","(X)","12,660","(X)","(X)","15,200","(X)","(X)","12,835","(X)","(X)","5,480","(X)","(X)","344","(X)","(X)","2,170","(X)","(X)","905","(X)","(X)","4,590","(X)","(X)","3,007","(X)","(X)","631","(X)","(X)","8,622","(X)","(X)","7,312","(X)","(X)","2,308","(X)","(X)","22,672","(X)","(X)","3,302","(X)","(X)","125","(X)","(X)","7,125","(X)","(X)","26,016","(X)","(X)","3,041","(X)","(X)","6,271","(X)","(X)"
"        200 percent of poverty level","5,288","(X)","(X)","1,358","(X)","(X)","46,776","(X)","(X)","22,602","(X)","(X)","422,136","(X)","(X)","6,410","(X)","(X)","2,955","(X)","(X)","7,583","(X)","(X)","1,094","(X)","(X)","930","(X)","(X)","387","(X)","(X)","469","(X)","(X)","1,526","(X)","(X)","2,219","(X)","(X)","15,191","(X)","(X)","5,698","(X)","(X)","7,879","(X)","(X)","3,251","(X)","(X)","13,387","(X)","(X)","16,652","(X)","(X)","14,867","(X)","(X)","5,745","(X)","(X)","388","(X)","(X)","2,246","(X)","(X)","1,057","(X)","(X)","4,947","(X)","(X)","3,218","(X)","(X)","646","(X)","(X)","9,273","(X)","(X)","8,115","(X)","(X)","2,653","(X)","(X)","24,249","(X)","(X)","3,509","(X)","(X)","125","(X)","(X)","7,566","(X)","(X)","28,279","(X)","(X)","3,209","(X)","(X)","6,851","(X)","(X)"
"        300 percent of poverty level","9,110","(X)","(X)","2,017","(X)","(X)","59,674","(X)","(X)","32,063","(X)","(X)","520,598","(X)","(X)","7,299","(X)","(X)","4,148","(X)","(X)","13,327","(X)","(X)","2,046","(X)","(X)","1,804","(X)","(X)","829","(X)","(X)","1,387","(X)","(X)","2,377","(X)","(X)","3,938","(X)","(X)","18,651","(X)","(X)","8,430","(X)","(X)","9,222","(X)","(X)","5,858","(X)","(X)","17,364","(X)","(X)","23,957","(X)","(X)","28,716","(X)","(X)","7,541","(X)","(X)","570","(X)","(X)","4,768","(X)","(X)","2,255","(X)","(X)","6,155","(X)","(X)","5,178","(X)","(X)","1,359","(X)","(X)","13,644","(X)","(X)","13,210","(X)","(X)","4,507","(X)","(X)","36,725","(X)","(X)","6,764","(X)","(X)","245","(X)","(X)","10,516","(X)","(X)","43,346","(X)","(X)","5,410","(X)","(X)","11,416","(X)","(X)"
"        400 percent of poverty level","14,625","(X)","(X)","2,640","(X)","(X)","69,799","(X)","(X)","40,372","(X)","(X)","580,990","(X)","(X)","8,091","(X)","(X)","5,865","(X)","(X)","18,128","(X)","(X)","2,833","(X)","(X)","2,705","(X)","(X)","1,500","(X)","(X)","2,156","(X)","(X)","3,469","(X)","(X)","6,000","(X)","(X)","19,924","(X)","(X)","10,351","(X)","(X)","9,933","(X)","(X)","8,010","(X)","(X)","20,702","(X)","(X)","29,262","(X)","(X)","43,627","(X)","(X)","8,587","(X)","(X)","1,016","(X)","(X)","7,889","(X)","(X)","3,272","(X)","(X)","6,590","(X)","(X)","7,168","(X)","(X)","1,835","(X)","(X)","17,876","(X)","(X)","19,433","(X)","(X)","5,797","(X)","(X)","46,023","(X)","(X)","9,905","(X)","(X)","475","(X)","(X)","12,986","(X)","(X)","56,114","(X)","(X)","7,073","(X)","(X)","15,975","(X)","(X)"
"        500 percent of poverty level","18,166","(X)","(X)","3,092","(X)","(X)","77,083","(X)","(X)","46,071","(X)","(X)","616,204","(X)","(X)","8,614","(X)","(X)","7,012","(X)","(X)","21,362","(X)","(X)","3,185","(X)","(X)","4,097","(X)","(X)","2,370","(X)","(X)","3,236","(X)","(X)","4,649","(X)","(X)","7,652","(X)","(X)","20,318","(X)","(X)","11,953","(X)","(X)","10,263","(X)","(X)","10,351","(X)","(X)","22,707","(X)","(X)","32,914","(X)","(X)","58,040","(X)","(X)","9,604","(X)","(X)","1,291","(X)","(X)","9,980","(X)","(X)","4,179","(X)","(X)","7,015","(X)","(X)","8,838","(X)","(X)","2,213","(X)","(X)","20,178","(X)","(X)","23,277","(X)","(X)","6,853","(X)","(X)","52,301","(X)","(X)","12,907","(X)","(X)","669","(X)","(X)","14,685","(X)","(X)","66,449","(X)","(X)","8,519","(X)","(X)","19,336","(X)","(X)"
"UNRELATED INDIVIDUALS FOR WHOM POVERTY STATUS IS DETERMINED","4,486","778","17.3%","1,019","245","24.0%","12,445","3,157","25.4%","9,101","2,057","22.6%","160,923","69,945","43.5%","2,260","908","40.2%","1,327","275","20.7%","5,137","1,098","21.4%","829","84","10.1%","1,049","98","9.3%","814","75","9.2%","593","67","11.3%","1,586","258","16.3%","1,828","232","12.7%","2,731","1,230","45.0%","2,604","742","28.5%","3,022","1,902","62.9%","1,824","483","26.5%","5,415","2,306","42.6%","7,386","2,391","32.4%","14,499","2,504","17.3%","1,699","511","30.1%","509","97","19.1%","3,736","299","8.0%","2,235","207","9.3%","1,409","580","41.2%","2,327","448","19.3%","684","68","9.9%","4,100","1,124","27.4%","6,594","1,258","19.1%","1,794","534","29.8%","11,887","3,266","27.5%","3,432","591","17.2%","305","48","15.7%","3,715","1,020","27.5%","21,000","4,889","23.3%","2,379","488","20.5%","6,135","1,312","21.4%"
"    Male","2,126","282","13.3%","478","86","18.0%","5,924","1,207","20.4%","4,362","847","19.4%","84,372","37,493","44.4%","995","376","37.8%","637","134","21.0%","2,559","541","21.1%","436","39","8.9%","415","54","13.0%","363","35","9.6%","219","29","13.2%","726","144","19.8%","738","53","7.2%","1,448","554","38.3%","1,290","418","32.4%","1,699","1,132","66.6%","975","214","21.9%","2,959","1,326","44.8%","3,703","1,066","28.8%","6,243","1,032","16.5%","919","364","39.6%","225","46","20.4%","1,608","111","6.9%","1,150","81","7.0%","715","247","34.5%","865","112","12.9%","327","34","10.4%","2,176","622","28.6%","3,201","436","13.6%","1,189","332","27.9%","5,952","1,594","26.8%","1,393","159","11.4%","96","22","22.9%","1,843","403","21.9%","9,465","2,019","21.3%","1,245","198","15.9%","3,178","614","19.3%"
"    Female","2,360","496","21.0%","541","159","29.4%","6,521","1,950","29.9%","4,739","1,210","25.5%","76,551","32,452","42.4%","1,265","532","42.1%","690","141","20.4%","2,578","557","21.6%","393","45","11.5%","634","44","6.9%","451","40","8.9%","374","38","10.2%","860","114","13.3%","1,090","179","16.4%","1,283","676","52.7%","1,314","324","24.7%","1,323","770","58.2%","849","269","31.7%","2,456","980","39.9%","3,683","1,325","36.0%","8,256","1,472","17.8%","780","147","18.8%","284","51","18.0%","2,128","188","8.8%","1,085","126","11.6%","694","333","48.0%","1,462","336","23.0%","357","34","9.5%","1,924","502","26.1%","3,393","822","24.2%","605","202","33.4%","5,935","1,672","28.2%","2,039","432","21.2%","209","26","12.4%","1,872","617","33.0%","11,535","2,870","24.9%","1,134","290","25.6%","2,957","698","23.6%"
"    15 years","0","0","-","0","0","-","6","6","100.0%","20","20","100.0%","177","177","100.0%","0","0","-","0","0","-","14","14","100.0%","0","0","-","0","0","-","0","0","-","0","0","-","0","0","-","0","0","-","0","0","-","17","17","100.0%","0","0","-","0","0","-","18","18","100.0%","8","8","100.0%","0","0","-","0","0","-","0","0","-","0","0","-","0","0","-","0","0","-","0","0","-","0","0","-","12","12","100.0%","12","12","100.0%","0","0","-","27","27","100.0%","0","0","-","0","0","-","0","0","-","48","48","100.0%","0","0","-","0","0","-"
"    16 to 17 years","0","0","-","6","6","100.0%","26","26","100.0%","24","24","100.0%","433","405","93.5%","0","0","-","0","0","-","58","58","100.0%","0","0","-","0","0","-","6","6","100.0%","0","0","-","0","0","-","0","0","-","1","1","100.0%","22","22","100.0%","8","8","100.0%","0","0","-","15","15","100.0%","6","6","100.0%","124","124","100.0%","0","0","-","11","11","100.0%","0","0","-","0","0","-","0","0","-","19","19","100.0%","0","0","-","18","18","100.0%","15","15","100.0%","66","66","100.0%","21","21","100.0%","2","2","100.0%","0","0","-","0","0","-","30","30","100.0%","8","8","100.0%","0","0","-"
"    18 to 24 years","270","148","54.8%","67","8","11.9%","1,163","708","60.9%","441","179","40.6%","12,799","8,335","65.1%","123","108","87.8%","27","0","0.0%","286","94","32.9%","7","0","0.0%","3","3","100.0%","0","0","-","0","0","-","108","55","50.9%","70","9","12.9%","392","267","68.1%","94","49","52.1%","114","57","50.0%","176","103","58.5%","177","114","64.4%","600","235","39.2%","586","302","51.5%","90","15","16.7%","21","7","33.3%","281","66","23.5%","80","8","10.0%","88","67","76.1%","199","119","59.8%","50","11","22.0%","334","128","38.3%","630","182","28.9%","110","96","87.3%","831","537","64.6%","194","99","51.0%","1","1","100.0%","388","131","33.8%","1,830","847","46.3%","198","42","21.2%","411","157","38.2%"
"    25 to 34 years","897","183","20.4%","92","32","34.8%","2,137","450","21.1%","1,542","418","27.1%","27,440","10,621","38.7%","139","28","20.1%","267","85","31.8%","888","283","31.9%","142","25","17.6%","48","2","4.2%","60","4","6.7%","57","0","0.0%","342","69","20.2%","330","1","0.3%","533","207","38.8%","458","147","32.1%","294","201","68.4%","257","54","21.0%","996","393","39.5%","1,079","376","34.8%","2,407","255","10.6%","421","156","37.1%","32","6","18.8%","693","39","5.6%","739","47","6.4%","213","89","41.8%","313","30","9.6%","185","11","5.9%","646","186","28.8%","1,164","215","18.5%","242","97","40.1%","2,249","534","23.7%","376","44","11.7%","27","1","3.7%","586","189","32.3%","3,948","992","25.1%","437","118","27.0%","1,297","299","23.1%"
"    35 to 44 years","594","84","14.1%","115","15","13.0%","1,421","257","18.1%","819","156","19.0%","21,980","9,299","42.3%","195","135","69.2%","71","22","31.0%","730","140","19.2%","202","14","6.9%","90","0","0.0%","54","0","0.0%","71","10","14.1%","134","12","9.0%","135","1","0.7%","328","93","28.4%","366","92","25.1%","292","171","58.6%","336","50","14.9%","884","371","42.0%","1,120","400","35.7%","1,461","250","17.1%","124","14","11.3%","41","19","46.3%","456","26","5.7%","233","10","4.3%","159","73","45.9%","262","42","16.0%","62","22","35.5%","641","120","18.7%","518","68","13.1%","221","82","37.1%","1,268","509","40.1%","327","82","25.1%","34","7","20.6%","395","111","28.1%","2,196","398","18.1%","356","66","18.5%","698","148","21.2%"
"    45 to 54 years","394","74","18.8%","159","32","20.1%","1,525","470","30.8%","1,267","337","26.6%","27,177","13,694","50.4%","563","227","40.3%","231","38","16.5%","889","135","15.2%","123","1","0.8%","96","17","17.7%","197","23","11.7%","56","0","0.0%","218","47","21.6%","180","33","18.3%","369","170","46.1%","368","78","21.2%","474","333","70.3%","341","137","40.2%","908","497","54.7%","1,416","488","34.5%","2,191","348","15.9%","238","133","55.9%","124","8","6.5%","330","52","15.8%","305","47","15.4%","197","70","35.5%","238","10","4.2%","100","10","10.0%","762","236","31.0%","782","74","9.5%","593","143","24.1%","2,352","665","28.3%","456","58","12.7%","27","12","44.4%","728","184","25.3%","3,276","800","24.4%","331","43","13.0%","852","165","19.4%"
"    55 to 64 years","822","124","15.1%","269","81","30.1%","2,189","511","23.3%","1,749","456","26.1%","33,792","15,745","46.6%","522","197","37.7%","321","38","11.8%","1,060","188","17.7%","174","34","19.5%","200","38","19.0%","188","22","11.7%","126","51","40.5%","320","37","11.6%","405","85","21.0%","423","254","60.0%","581","207","35.6%","824","518","62.9%","262","83","31.7%","1,182","516","43.7%","1,420","600","42.3%","2,479","464","18.7%","474","136","28.7%","125","12","9.6%","563","33","5.9%","385","54","14.0%","312","170","54.5%","344","68","19.8%","126","12","9.5%","733","223","30.4%","1,345","320","23.8%","229","39","17.0%","2,001","465","23.2%","723","177","24.5%","29","10","34.5%","802","241","30.0%","3,805","973","25.6%","623","148","23.8%","1,130","283","25.0%"
"    65 to 74 years","724","43","5.9%","154","60","39.0%","1,507","256","17.0%","1,366","199","14.6%","21,772","7,147","32.8%","278","77","27.7%","253","78","30.8%","556","79","14.2%","74","0","0.0%","264","4","1.5%","158","4","2.5%","121","6","5.0%","257","16","6.2%","225","14","6.2%","364","144","39.6%","319","44","13.8%","596","328","55.0%","217","48","22.1%","762","297","39.0%","854","184","21.5%","2,352","336","14.3%","217","35","16.1%","33","0","0.0%","619","37","6.0%","213","2","0.9%","338","84","24.9%","350","113","32.3%","85","2","2.4%","534","125","23.4%","976","130","13.3%","255","2","0.8%","1,822","352","19.3%","601","91","15.1%","64","0","0.0%","455","92","20.2%","2,730","459","16.8%","302","51","16.9%","737","134","18.2%"
"    75 years and over","785","122","15.5%","157","11","7.0%","2,471","473","19.1%","1,873","268","14.3%","15,353","4,522","29.5%","440","136","30.9%","157","14","8.9%","656","107","16.3%","107","10","9.3%","348","34","9.8%","151","16","10.6%","162","0","0.0%","207","22","10.6%","483","89","18.4%","321","94","29.3%","379","86","22.7%","420","286","68.1%","235","8","3.4%","473","85","18.0%","883","94","10.6%","2,899","425","14.7%","135","22","16.3%","122","34","27.9%","794","46","5.8%","280","39","13.9%","102","27","26.5%","602","47","7.8%","76","0","0.0%","420","76","18.1%","1,152","242","21.0%","78","9","11.5%","1,316","156","11.9%","753","38","5.0%","123","17","13.8%","361","72","19.9%","3,137","342","10.9%","124","12","9.7%","1,010","126","12.5%"
"    Mean income deficit for unrelated individuals (dollars)","5,590","(X)","(X)","6,360","(X)","(X)","7,416","(X)","(X)","7,201","(X)","(X)","6,789","(X)","(X)","5,635","(X)","(X)","7,206","(X)","(X)","7,756","(X)","(X)","3,223","(X)","(X)","6,668","(X)","(X)","9,689","(X)","(X)","6,439","(X)","(X)","7,121","(X)","(X)","8,476","(X)","(X)","5,706","(X)","(X)","6,291","(X)","(X)","6,550","(X)","(X)","7,418","(X)","(X)","6,740","(X)","(X)","6,947","(X)","(X)","6,829","(X)","(X)","7,218","(X)","(X)","6,671","(X)","(X)","6,362","(X)","(X)","5,477","(X)","(X)","7,123","(X)","(X)","5,954","(X)","(X)","6,000","(X)","(X)","6,781","(X)","(X)","6,872","(X)","(X)","6,485","(X)","(X)","6,234","(X)","(X)","6,398","(X)","(X)","7,692","(X)","(X)","5,893","(X)","(X)","6,536","(X)","(X)","7,379","(X)","(X)","6,186","(X)","(X)"
"    Worked full-time, year-round in the past 12 months","1,892","173","9.1%","318","0","0.0%","4,473","110","2.5%","3,076","41","1.3%","46,600","3,381","7.3%","551","53","9.6%","522","35","6.7%","2,120","41","1.9%","499","9","1.8%","311","0","0.0%","303","0","0.0%","220","12","5.5%","624","21","3.4%","838","19","2.3%","855","136","15.9%","1,033","33","3.2%","461","3","0.7%","695","17","2.4%","1,484","111","7.5%","2,738","179","6.5%","6,134","91","1.5%","695","10","1.4%","235","0","0.0%","1,674","12","0.7%","1,269","10","0.8%","356","44","12.4%","894","17","1.9%","369","0","0.0%","1,580","70","4.4%","2,527","55","2.2%","771","12","1.6%","4,680","201","4.3%","1,300","48","3.7%","78","18","23.1%","1,688","161","9.5%","8,540","390","4.6%","1,150","10","0.9%","2,405","73","3.0%"
"    Worked less than full-time, year-round in the past 12 months","856","223","26.1%","198","53","26.8%","2,842","1,026","36.1%","1,747","658","37.7%","32,528","16,000","49.2%","447","169","37.8%","127","21","16.5%","1,050","324","30.9%","104","35","33.7%","151","9","6.0%","197","13","6.6%","76","13","17.1%","415","83","20.0%","232","24","10.3%","681","345","50.7%","577","284","49.2%","346","168","48.6%","367","138","37.6%","1,014","465","45.9%","1,295","541","41.8%","2,188","715","32.7%","280","102","36.4%","72","6","8.3%","614","93","15.1%","437","116","26.5%","340","135","39.7%","427","156","36.5%","144","24","16.7%","959","369","38.5%","1,344","345","25.7%","337","247","73.3%","2,386","1,122","47.0%","566","149","26.3%","33","0","0.0%","610","237","38.9%","4,039","1,525","37.8%","418","157","37.6%","1,117","395","35.4%"
"    Did not work","1,738","382","22.0%","503","192","38.2%","5,130","2,021","39.4%","4,278","1,358","31.7%","81,795","50,564","61.8%","1,262","686","54.4%","678","219","32.3%","1,967","733","37.3%","226","40","17.7%","587","89","15.2%","314","62","19.7%","297","42","14.1%","547","154","28.2%","758","189","24.9%","1,195","749","62.7%","994","425","42.8%","2,215","1,731","78.1%","762","328","43.0%","2,917","1,730","59.3%","3,353","1,671","49.8%","6,177","1,698","27.5%","724","399","55.1%","202","91","45.0%","1,448","194","13.4%","529","81","15.3%","713","401","56.2%","1,006","275","27.3%","171","44","25.7%","1,561","685","43.9%","2,723","858","31.5%","686","275","40.1%","4,821","1,943","40.3%","1,566","394","25.2%","194","30","15.5%","1,417","622","43.9%","8,421","2,974","35.3%","811","321","39.6%","2,613","844","32.3%"